	label	text
0	1	AGCCAGCCGCGCCTTCCCGTCGTAAGGCAGCTCCGACAACT
1	1	ACACTGCAAAAAAGCCGATACGCCTTACAGGCTCAGGAAGT
2	1	GTGGGGTGGGGAATATATTTCGTGACAGCAGGGCCCCTCCA
3	1	ATAGCCTGCCAAGGAATACACGTCTTCAGAAGAAATTCTGT
4	1	TGAGAGGCTCCCGCCGCCCGCGCCCGTCGGCTCGCCCTCCA
5	1	ACAAAAGCACACAAGGAGATCGAGAAAGAAGGAAGGTAGAA
6	1	GGGAAGCGCCAATTTTACGCCGTGACTCTCGGACTCCACGA
7	1	CCTAGCATTCTCAGGAAAGTCGCTTATGAAGCTATGACTCA
8	1	CCGAAAACTACTAACTTTTCCGTCTGCAACCTTTAATAATT
9	1	AAGGAAAAGCAGAGACCAATCGGCTTCAACTCTGGCAGCTT
10	1	ACGGCATTCATGCTTACCCACGGGCTGGTCAACAAAGAGGT
11	1	CCGGGTTTCGGCAGCGCTTCCGTTTTAGGCGTTAGTCATCA
12	1	GAGGGGAGGACCCAGACAGCCGGCAGGGAAGGCATGAACCC
13	1	CCGGAGGGAAAGGCAGCTGCCGGCTCCTGATGCTGAGAGGG
14	1	GCCTCATCCTTATTGGCTGGCGGCTAGTGTCCGACCTGAGT
15	1	GCAGCCCAGGCCCTCCCATCCGACTTCAGAGGCCAGACGCA
16	1	TCTTTCCCGGGCACAGAACGCGCCTCCAGCTACATTTTGGA
17	1	GGACAGGCGGGGCCTTGCTGCGACCCCGCCCCTCGGCCCGC
18	1	CGCCGCGCTGCGCTCTCTGGCGGCTCCTCACAGCTCTGCTC
19	1	ACTCTCAGAAGCCTGGGAAGCGAGTTCTCTGCAATTGGACT
20	1	GGCCGTTTTTCCCTTCCCAGCGGTCTGTCCTTGGAGCTGAT
21	1	TGGCGCAGCCATCCTCAGCTCGCTGGGACTGCAGTTGCGCC
22	1	CTCTGTGCAGCTGGCGGCGACGCCATGTGACTGTGAGCCGA
23	1	GCCCTGTGAACCGCAGCCCACGTTGCCCAATTCAGCAACAA
24	1	CAGTCGGGGTCGTCCGCTCCCGGCCGTTGAGCCACCGCCGC
25	1	GCATCAAGGTGAGGCAGGCGCGCTTCGCTGGCACCGCCGCA
26	1	CTGGCAACGCAGTATATGAGCGTCTGGGAACTGTTTTCTTT
27	1	ACTCAGACCCTCCCTCAGCCCGTGATGCATTACTGCATATG
28	1	TATGTGAGTCAGAATGGCAGCGAGGAAAGCAAAGGAAAGGA
29	1	CCCGTGAGTGACGAGGAGCGCGGAGTCTCGCCATATCAGGA
30	1	TTAACTGCCGGTTTATTTTTCGACAAACAGGATGCCTCCAT
31	1	GCCGTTTTCCTGCCGTCCCCCGCCCGCCACACAGTAGGCGC
32	1	TAGCTGACGACACTCGAGAGCGCCAATTTTCCTAGATTCGA
33	1	CGGGATTGCGGCGCGGTGGCCGGGCGTCCCCTGCAGGAAGC
34	1	CCATCCCTTTCCCGGCGATGCGAAGCTTGAATAAGCTAGCA
35	1	CTGATAGACCTCGGTGTGTACGTTCAATGCAGACCCGACCT
36	1	GCGGGGCCGGGTGGGGCCTGCGCTGCCTCAGCGTCCTGGAG
37	1	TGTCAGCCTCAGTCTGTAAGCGACCAGCTGGCTCTTCAGAG
38	1	TTTAAATAATGCCTGCTATGCGCTAAGACAGCCCTGGGTAT
39	1	TGGGGGACGGAGATGACCACCGGCCTTCCCAAGGCTGCATA
40	1	CTCAGGGAACAAACTCCTGACGTCCTGGGCTTGGGATCATC
41	1	CAACTGCCCACACCCCGCGCCGAGACCTTTCCAGCTTGCAG
42	1	GCGGACTCTCTCAGTTTTAACGCTGCAACTTTTGCAGGCAG
43	1	TTGGCGGCTTGCCCTGTTGTCGGGCTCGAGTCCCCCGATTG
44	1	TCCCACAGCCCGGGAAACCGCGGGCCTCGCAGCATCTGGCT
45	1	ACAAAGACCCCTTCCCTGCCCGTCAGTTCCCATTGGTTGGC
46	1	GGTGTTGGGGAGCCTGAAGCCGAGGACTGCCCCTGTCATCT
47	1	AAGATGGGTTTTCCGGAAGCCGCCAGGTGAGTGACATTCAG
48	1	CAGCGCCGCCGCCCCGGGCGCGCGCCAACCGGGAAGGCCAC
49	1	CGCCCCCATCCCCACCCCGCCGCTTAACTAAGAGGGCTTTG
50	1	GGAAGGCGTGTCCCGGGCCACGCCAACCAGTGGGCTTTGCA
51	1	CCCTGGCTGACGCGAGCCCGCGGCATCCCCTGTCGTCCACC
52	1	GAGGCATCAGGAAACCCTGGCGACCCACATGGCACAGCAGC
53	1	AAGTGGGCACAGGCACTAAGCGGCCCCCCACCCTCGCAGGC
54	1	CTCCCAGCCTAGCAGGCCGGCGGCTGCTCACCCAGCCAGTC
55	1	ATCATCAGTCACTGGGGAGACGCCTGGGGCCAGTAACCTCC
56	1	ATGAGTCGGTGCTACGCGCACGAGCCATCGTGGCCTTTCAC
57	1	GCACAGCGGAAAGAGGGCTCCGCGGCGGCCAGGCTCAGCTT
58	1	CGGGGATGGCTGCCCAGCTGCGAGTCACACACGAGCGTCGC
59	1	GGAAGTACCATGTGCACCAGCGCCTTGGGACCAAGACTCAA
60	1	CGGCGCAGGCCGAGAGCTCCCGCCCCTCTGACAGTGAGAGA
61	1	AAGGGGCAGAAGTAGACCGACGGCTGGGCCGCCATTCACCA
62	1	TTGCTCCGTGCGGTGCTATTCGAGGCAGATGCAGAGAGCGC
63	1	GGGCCGAGGACGAAGGAGGGCGCTAATTCACTCCCCACTGG
64	1	GCCCGTGGGCCACCCCGGCGCGCAGGGTCCCCAGCCCGCGC
65	1	GCCGTGACTCTCGGACTCCACGAGCTGAGCTGCATCCTCCC
66	1	AAGACAAAGAGCAGTTCCAGCGACCAAATAAGGAAGTGAGT
67	1	CGCGCCGGCGCCCCATCCTGCGGCCAGTGCCTCCGCGCCCC
68	1	GGGTCCAGAGACCCGGGGGACGATCTGGGAGCAGAAGCTGG
69	1	TGGGGACCGCATCCGGAGGGCGACCTGGAGCCGACTGACTT
70	1	ACCGGCGCCGGCAGGACCCGCGAATCCCGATCTCCAGGAGC
71	1	GCGGTTGCGGGGAGCCGGGTCGCCCTGGGTCACGCACACGC
72	1	GATTACTGCATGTTCAGCTACGACCTCATCAACATGGCTGC
73	1	TCCTGCCGCTCCCGGTCGGCCGCCTCCTGCCTGCACAGCCG
74	1	AGCCCGGCCCTCCTGCCCCACGAAGCTCCCGAGCTGCTCCT
75	1	GGACACACAAAAGAACTTATCGGGGCTTCTCATCAGTGATA
76	1	CTGGGCAGGTGGGCGTTGGGCGGGCTGCGGGCTGACCTGGG
77	1	AACTGGGGCAGCTGCGACACCGAATCCCTCACATCTGCAAC
78	1	GAGCGAGAAGGGAAACGTTTCGTGCAGACCAACTAGCGCCG
79	1	AGGGATGGGGACAAAGAGCACGAAGTACAGGCACAGGGACG
80	1	CCCCAGCAGAGACCTGTCTACGACGTAAGCCAAGTGAAAAC
81	1	TGCCTTGCCAAGGGGTCCCCCGAAAGACACCACAAACAGGT
82	1	TCCCGCCCATCGCTCCATGACGTCACAGAGGCTGCAGCCTT
83	0	GCCGTGTCAACACCAAGGTGCGCAGCTTTGGGCCACTTTCC
84	0	CCCGAGGCGGATAGAGACCACGCCAGTGACCAGTTGTAGCC
85	0	AGCTGGCATTCCCATAGCGACGGCACAGAGAAGGCCTCCAA
86	0	CTTCTTGAATTATGCAAATTCGCGGTGCACATAATGTTCTC
87	0	AGGTGCCGCCACCGGCACCGCGGAGCTTTCTCTGTAGAGCA
88	0	CTCCACGGCCCACTCACTGCCGGGCATGAGGGGAGGACAGC
89	0	CCACGCCAGTACCCCCGGCACGCTCAGTGCCCCACACACCC
90	0	AGGCTGTGAGCAGGCGCCAGCGCCCGTACAAAACACTGGTA
91	0	CCGGGCTCCCGGGCCACCCCCGGCTCCAGCCACCCGCTCCG
92	0	ATCCATGTGGTTGTCTTCCCCGTCCCCCTGCATGTCGGGAA
93	0	TGGGCATGTATGCCAAGCTCCGAGCTAAGCTCCAAGGATCC
94	0	AATGGGGGAGGATGGGAACACGGTGGGTCCCTAGAGAAAAC
95	0	CCCTCCCCTCTGGCGGCCACCGCAGAGCTCCGACTGACCCG
96	0	CTTCCCCTTCCATTGGAAGGCGTGACCTGGAGAAGCAAGGG
97	0	CAGAGGCAAACCCAGGTCTCCGTGGGTCCAAAGCAAAGACA
98	0	GTCCTGGTGCGCCGCCAGGTCGCTCTCAAAGGCCTCGTGGC
99	0	GTAAGCGAAGCAGCCGAAGGCGAGCGCCGACATCAGCAGCT
100	0	CACCCAGCGGCTCCCGCAGGCGCAGCACAGGGCCTCTCAGC
101	0	ACTCAGGATGAACCCTCCTTCGGGGCCAAGAGTCCCGCCCA
102	0	CGAGGAAGGGGTCACCATCTCGGGCCTGGAGCCAGACCATA
103	0	TTTAACTTTTTTTGTCTACACGGGTCTTGCGCATCATGTGC
104	0	TAGAGTAGTGGTACGTAGTGCGCCGCCCTGAACGGGGGCTG
105	0	AGCCTCCTTCAGCTCCAACCCGGCTAATTAATCCCCACTCA
106	0	TGTATTCAATACTAGATTTGCGAGTGACTATGCCTTTTTAG
107	0	CTAACACCGCTCGCCCTCTCCGAGTCAGTTCCGCGGTAGAG
108	0	GTATCACTAGCAAGTGGTTGCGGCCACCAACTCTAGTTATC
109	0	CCGCGGTGTGTGTGCAAGAGCGCGCGCCTCGTGTAACCATT
110	0	CCGACTCCGCCTCCAGGCCCCGGGAGCGTCCTCGCCCAGCC
111	0	ATTCCGCGGCGGCCCGCTCTCGCCAGCGCCACAGCCCTGAC
112	0	GAGTGCGGTGCGGCCGCGCTCGTCTCGCAGGTTCACTGCAG
113	0	AGGTCACAGGAGGGCAGCAACGAAAGACCCTGGGACTGGCT
114	0	TGCCCAGCAACAGCACAACGCGGGCCACAGTTAGAAAGGAA
115	0	AATGGCCCTGGGGAGTCCGGCGTGTGGGCTCTGGAAATAGA
116	0	GGTCCACACCTGGAATCCACCGTCTTTCCTGTGAAAAATGA
117	0	CGCTCTGCAGCAGAGCCCACCGCCCCGGCCCGCACCCCTCG
118	0	GCTCCCGCTCCGCCCCGCCCCGCCCCCAGCCGGAACTCCGC
119	0	CCATCGGTAGGCATTATCCACGGCGGGAATCCATGCAGCAG
120	0	CAGGCGGGAAGCCTCGCCGGCGATGCGCTCGAAGATGTCGT
121	0	CAAAGGATATGGCATTTTAACGGTTACAAGCGTTCCCAGTC
122	0	GCCAGTGTCACCCTCAGGCCCGCGAGGCCCCCGAGCCCCTT
123	0	CCCCCACCAGTGGAGGAGCCCGGTAGTCCCCATTCCCGCCC
124	0	CGCGGGCAGGCGGGAGGCAACGGAGCTACCAGCCGGTAAGT
125	0	AGCCTGGGAAGGTGCTTACCCGGGGCCACCAAGCAAGGGTC
126	0	GCTGAATGTGGCAATGGGAGCGGCCCACTGCCCAGAGTCCT
127	0	GTGTATGTGGTGGCTGGGGTCGCCACAATCTGTAGTCCGTT
128	0	AATGCCTGACTGAGCGAGTGCGAGCCACGGGTGCCAAGCAG
129	0	ACGTGTGCAGAGCAGAAAACCGAGGAAGAAGTCTTTTTCCG
130	0	GACCCTCAGAGCCCGGGCAACGGAGCCTACCTCGAAATTCA
131	0	GTTGCCTAGAGACGCCGAGGCGCTTCACCCGCTACCTTCGG
132	0	CCCTGCCTCTGGTTTGGCCACGCCCCATCCCTGATGTAATC
133	0	ACCACCACAGAATCACTACCCGTTTGTCTTGACCGTGAGAT
134	0	CTCCTCCCGGCTCCTTCATCCGAAGCACCTGCCAGGGTCCC
135	0	TAGAGGTAAAGGCTGAAAGGCGACCCTCGCACCGCCCGGCC
136	0	CCTCGGCTTTTTGACCGCCGCGGCTTTTTGCCCCACCACCG
137	0	TTGGAGCCGAGACCTGCTGGCGAGGCAGGGGAGTGACCACG
138	0	CTTTTGCAAAGTGGTACGATCGAAGGGACTGTGTCTTCACT
139	0	GGCAGCGAGCTCAGTGCCTGCGGCTGCATGTGGGGCAGGGA
140	0	GTGTACAGAGAGGCACAGTACGCTCAGAATTTATTCTCTAG
141	0	AACTGCTGAGTGAGAGGAGACGCCAGGGTCCAAGGCCCACG
142	0	CCCGTAAGGCAAGCACTCGGCGTCCAAGGGTTCTCAGGCCA
143	0	GCCTTCCCATCAGATTCCAGCGCCAGCCAGGGAAAGGAAAC
144	0	GTGGAGAGGAAGGCGCCGCGCGACCTCTCCTCACAGACATC
145	0	CCCCACTCACTTCGATGTCACGCCACCCTCTTTGTAAAAGA
146	0	TGGAAGATAAAAATGTGATACGTTTCTACTTGCAATAGTGA
147	0	GTAAGGAATGGAAAAGATGGCGAGATAGAAGGCAAGGCGAA
148	0	CCGCCTCCTCTCCCAAGAGCCGAGGGTCTGCCTGCCCAGAT
149	0	TGTGCAAGGTAGCACACCTGCGTCTAAGCCCAGTGTCTGCG
150	0	AGCCACTCCCAGGCGCCGCCCGCCCACCCACAGTCAGCAGC
151	0	GCTCCGTCGTGCCTCAGAAGCGGGATGGAGTGGCACCCGAT
152	0	TGTCAAATTCTGTTTTCTGACGATTGGTATTTCAGAAGGGA
153	0	TGCCGCCGAGGAGCCGAGTACGGGCTGAGCCTGGCCCGCTT
154	0	AATTCTTACCGTGGAACAGCCGCGTGACTCGGCGGGAGCCC
155	0	AGTTATCAGCTGGTAAATATCGTAGAAGGTAGAGCGGTCCA
156	0	ACCCGCTATGGCTCTTCCTCCGCCTTCTGGACCTGAACCTC
157	0	CCGGCACCTCCCTCCGAGCGCGGCCACCCACTCGGCCTCCC
158	0	GGAGCCTTCGATTGTCGGAGCGGTTTGATTTAGGGTGTTTG
159	0	CATGGCCCTCTCACTGCCGACGGCACCACGGGTGAGGGGCA
160	0	CGATGCCACTCGGTCGCTAACGACGCAATTAAAAGGGCAAC
161	0	AGAGCCCCCAGAGGAGAGAACGAAAGAAGCAACCAACCTAC
162	0	TATGCACCGATATTTGAGAGCGACTTTATCCAGATCACCAA
163	0	AGTGTGTAGCTCCGGCCAAACGCTAGCCCCCAAGGGCGCGA
164	0	CGGCGGGGAGGAGGGGGCGGCGGCGTCTGCGCGCACACGCG
165	0	TCCGTCAGCGTCAGCGGCGGCGGGTAGGTGACTTTATTTTT
166	0	TATCCGGCTGGAAGGGTCTGCGTTTTGATTTGTGAGGATCT
167	0	CAAGGGGGAAAAATAAATCGCGATGGGGCCAAGGGACAGCT
168	0	TGCTCTCCACCCTTCCCCTCCGTGGCCACAGCAGCCAATGA
169	0	CCATGTTCACAGAGTGTGGCCGGCTGCCCCATGGCTCTGTC
170	0	CTGCCTCTAGCAGGGCAGCCCGGAACTGCGTCAGGACACCC
171	0	GGCCCACCCTCTGCCGCCCGCGCCCCCAGCAGCGCGTGCTC
172	0	CACTGGAAGGAGAGGCCAGGCGGAAGACCCTGGCTCCGTCA
173	0	GCGACCACCGCCCCTGGCCGCGCTCCGGGCTTTCACGGAAA
174	0	ATGGAGAATCTTTTCAGAACCGTGAAGGACAGCAGGAGCTG
175	0	CATCCTAAGTCTGAACGGTCCGGAATTCAAAGAGGATCAAT
176	0	TCCTTGCCTGTGGGCGGACCCGTCGCGTCGACTCCTTATTG
177	0	ATGTGGGCGGTGGGTGGGAGCGTTTCCTCTCGGTGGCAGCT
178	0	TTCTTTTCCTGTTGCAAATGCGTTTTTGTTTGGCTTCTGGC
179	0	TCCCCTGGGAAACCAACGCTCGCCTCACAGTGAGCTCAGAG
180	0	TCCTGAGTGACAAGGCGGGACGACAAATGCAAACTCAGAGC
181	0	TTGTTGGGTAAATGGCTGATCGAATGAATTAACAAAAGGAC
182	0	TTTTAAGTCGAGACTTGGGACGCCAAGCACAAAAGCCAGGG
183	0	ATTAGCCGGCTGAGTTCTGCCGCATTTGAAGTTCACCATTT
184	0	CTTCCATTTGTACCGGCTGCCGTGTAGGCCTCTAAGGGACC
185	0	TCGCCACCCATCAGGTCCCACGCTCACCCCGGACAAGCCGC
186	0	GATGGCCAGACGCACCTCTTCGATCTCAACTCTGCAGCCTG
187	0	GGACTGATTGACAGAAGAAGCGATCTTGCACAGCTGAGTGG
188	0	GCTCGGCTTCACCACTGCACCGTGCAGCTTGGAAATGCACT
189	0	GGAGGGCGGGGGTAGGTATTCGTGCAGTTAGCAACTCCTTT
190	0	CCGGAAGGCCGCCAGGGCCTCGTCCCCCAGCTGGTAGAAGC
191	0	TGCAGTTGAACGCCCTGAAGCGGGAGAATCAGCGGCCTCCC
192	0	ATTTTCGCAAGGAGACGGAGCGAAAGGGACCAAACTTTAGT
193	0	GGGCCGGTTCCGGGTCCGAGCGCGCCCCCGGGCTCGGGTCG
194	0	AAGACCTGGCAAACCCAAGACGATGCGCTCTTACTTGTGTT
195	0	GACCCCTCTCCCCCCGCCGCCGCTGCCTCCTCTGACTGTCC
196	0	GCACACTGAACTTGCTGCTTCGCCTTCCATGACCAAGAAGG
197	0	GCCCCAGCACCCAGGGGACGCGCTGGAAAGCAAACAGGAAG
198	0	CCGGTGAGCAGCCCTGCCTGCGTCGGCCCAGACACGCAGTC
199	0	ACTAGTAACAGTGACTACCCCGGGAAACGGAAGGTAGGAAA
200	0	GCTGACACTTCCCTTTCAGCCGGCACCGTCCTGGCATGGGG
201	0	GGAGTAGAACAGAGTTTCTCCGGGGCTGGTGGACTGAAGAC
202	0	GATGGCTGGGAGAGGGAAAGCGAATTTGTCCTGGACACACC
203	0	ATAACGTGCCTGCTCCATGTCGCGGCTTCTAGCTGTCCAGG
204	0	AAACTGAGCTGGTGTACACTCGAGTCACTGCTTTGTCCTGC
205	0	CAAACCTACAAAGACTCCTCCGAGCTGGCAGGGGCTGATTG
206	0	GAATTTTGAAAAGATGGCTCCGGGAGCAGTTAGGCTGGAGA
207	0	CACCTGGCACGCGCCTTCCCCGCCGCCAGGATGCCCAAGAG
208	0	CCTTGCGTGTCCGTCCGTTACGACTCAGAGGACGGAGAGAA
209	0	AGATGGGCGCGCTGGCCCTGCGGTACGCTCTGCCTGTTGTA
210	0	GCTTGGGAAGGAAGCAGCCGCGTCATGTTTCACACCCGGAT
211	0	GTCCCCTACGTGGGAGGCCGCGACCAGCGACTCCGCCCACT
212	0	GCGGGTTCCGTGGCCCTGCACGTGGAGAAGCTGCCCAATGA
213	0	AGTGCTGGAGCCATCATGCTCGGCCCACAGAGCATCGGGTT
214	0	TGCGAGGCCGCGAGAAGGGCCGGCCTGTCTGCGCTGAAACG
215	0	CGTGGCCATGAAGTTCCTCCCGGCCTCTGAAGAACACCTGA
216	0	ACCCTGTAATCCCTTTGAAACGAAAGAACTGCAGAGCGTCT
217	0	AGATTACGGCCAACCAACCCCGTGCACTTCCCCGCCCAGGT
218	0	AGCAAGTTCTCCCAAGTGCTGTAGAGGAGGCTTGTCAATCT
219	0	AGCGTCTCCACGTGGCTGCACGTAGCCGAGGGAGATCACGC
220	0	CTCCCGATTGGTCCCGAGCGCGGCCGAGCGCAGCCGAACTT
221	0	AAAGGACCAGGGCGCGGCGCCGAAAGACGGCAACAAGCCCA
222	0	GGCCGCGGGCCCGCCCCCGCCGGCTAGGTGAAGGTGAGTGT
223	0	TACGCACCCACACCGGGGAGCGGCCCTACGAGTGCACCCAG
224	0	CCAGCCTGGCCAGCCCCTGGCGCAACTCGTGCACGTCCACG
225	0	GAGGAGAGGCCAGATCCCGTCGTTGCCTTGCACTATGCAGA
226	0	CTTTCCTGGCCCTGCAGGCACGTGAGCTTTCTGCGTGGCTG
227	0	CCGGCTGCCATCGACCCCGCCGCCCACCGCCACTCCCAGCG
228	0	AGCGGAGAAGACTGGAGCTCCGAGGAGCTGCATCTGCGGCA
229	0	CAGGTCTGGGGTCTGGGCCACGGGGAAGCGTGCTGAGTCTG
230	0	AGAGACGGCGAGGAGGAGCCCGCGAACCCGCCTCTGTTCAG
231	0	GGCCGCCCGGGGACTCTCAGCGGAGCCTCCCGGCAGCCCAG
232	0	ACTTTTTCCTCCCAACCATGCGCTACAAAAGGAAGACTAAA
233	0	CGGCGCGCCGCCCGTCCACCCGGTAGCCCTGGTCCGACAAG
234	0	AAAAAAGCCGGTGATAGCAACGAAGCCAACAGGACACACGG
235	0	GCTGGCGCCGTACATGATCACGAGAAGACAAGCAAAGGTGG
236	0	CGGCGGCGGCGGCGGCGGCCCGCTCCAGCCATGCCGAATAA
237	0	AGGGTCCGCCGGTAGCGTCCCGGCCCACCGCTTCCCGTTGC
238	0	CCCTGGGCCACCGGGGCTCACGTCTTAAACACACGCCCCTG
239	0	ACCTTATCTGTAAAATTAGGCGATTGCATTAGGTTAGGGAG
240	0	TGAAACAGCATTTTCTTTGGCGGGTTCAATGCCACTAAATA
241	0	AGGTTGGATTAGAGAAGCCTCGAGCTCCAGGTAAGCGATTT
242	0	CGACGACGTCACCTCGGGCACGCCCAAGGAGAAGAAAGCCC
243	0	ACAGCTGCGTCCTATAGCCTCGATGCTTCTCAGTCCAAAGC
244	0	ATTCCGAGGAAGAGAGAAGACGCCAAGAAGACTACTGGCGA
245	0	AGGCGCAGGTGGTCGTGCTCCGCGGAGATTGTGGTATTAGC
246	0	CCGCTGACGTGGACTGGGGGCGTCACAGCCTCTACCTCAGC
247	0	CCCGGCGCGGTGGTAGGGCCCGACGTGACGTCACCCATTGT
248	0	GGGAGGGGGGCTGTGGGGAGCGAGAGGTGCAGGAGTGAAGT
249	0	GGTTGACTTTCTGAAAAACTCGAGTTTCCTAGATTTATTCC
250	0	TCCCTGCGTCGCAGCCTCGGCGGGGGCTCTAAGAACGGGAG
251	0	AATGCACTGGAGGGAGCCGGCGTGATCATTTTCTGGGGTGT
252	0	GTGGTGAAAAAGAAACTGGACGTTCATGAATAGTTGGGAAA
253	0	AGACAGTGATAGTGTCTGTTCGTGAAGCTTTGCCTTCTGAA
254	0	GCTGCCGGTCTCCCCGCGAGCGAGCGCTAAGCGTAGTCCCG
255	0	CGGGTCTGCGGTCCCAGCGCCGGATCCCAGCTGGCCTGGGC
256	0	GGTGGCAGACAACCGGGAGACGCTGTTTCAGTCAGCAAGGC
257	0	CCGACGCCGCGCACCCGGGGCGGTCCGTGGTCCCCGCGTTG
258	0	TGGACTTTTGGCCACGTTACCGTTATGGCTGTAAATTAACC
259	0	CGGAGCTGTCCCCGGAAATGCGTGTGCTTCAGGTGATTTAA
260	0	AAAAATCTTGCTGTAAATTGCGTGATTGGGGAGATAGCCTG
261	0	CGCAACGTGCAGGCTCGCGGCGTCCACCCCAGACCCCGGCG
262	0	ACATAACTCCTCCCCACCTTCGGTGTAACTGTAGAAATAAA
263	0	CTCATCACTTCTGAGGCTACCGGCAACCCCAGGATGGGCCC
264	0	TATTATTCTGAACTCAAATACGACATCAGTTTTTAAAAGGA
265	0	ACAGCCATGCAATTAGCAAGCGGGGCTGCTGCAGACTTCAG
266	0	GACACTGCTGTTCAGCGCCACGCTGACCGACACACTCCGGG
267	0	GGACGCATCACCTAATGCCGCGGTCACGGCCACCGTCACAA
268	0	GCTCGCCATCAGAGATGACCCGCAGTTCCGGCTGGCGTAAC
269	0	CCGGGATTTGCGCCTGACCACGCCCCCTCGCTCGGGGCCGC
270	0	CCCCGTTGCACAGGAGCACACGAGGCTCCGCACCCTCGCAC
271	0	GTGAGCTGGGTTATCAAGTACGTGCTTGAATATGGAGGATG
272	0	AGGACTTTCCAGCCACTCGGCGCTCATCAAAAAGTTCCCTG
273	0	TCTTCCAGCCCTACTGGCTCCGCTCCCTCTACTGGGCGTCC
274	0	CATTGCCGTCTCTGGATGGGCGGCTGGCACTTTCAGTTCAA
275	0	TCAGAGCCGGGGCTGACTGCCGGCTGCATCTTTGAATGGCG
276	0	ATTGGGTGCTATTTCTAAAACGGAAGGGAGACTCTGGCAAA
277	0	GAAGATGGTCTGGAGGCAGGCGCAAGGTGAATTACTCCTGG
278	0	CTAAGCCCCATGATGGGAGACGCAGAAAAGGAGCTCCTGGC
279	0	TCCTACCCAGGCCCACGTGGCGGTTAGCTGCCGGCTTGTGC
280	0	CACGCCGGCGGCAGCCATGGCGGATGTGTCAGAGAGGACAC
281	0	GAAGCTCTGTGTTTTCCCTACGGGGATTAGCAAATCTAGGT
282	0	CCCCTTATAAGCGTGCGCCCCGCCCTGTCTTTATGACACCT
283	0	GTCCCCATCCTCCCTGCAGACGCTGCCGGTCACTCGAGTCA
284	0	GCATTTGACGTTTTATGAAGCGCCCTCCTGGGAATCATCTG
285	0	GATTTGTTTTTCCAAAGCCGCGCGACCCCAGCAGGGCTTCA
286	0	GACCACAACGAATAGCGTAACGTGTAGTTGTTCTCACAGCT
287	0	CGCACAAGCGCCAGTGCGCACGTGTACACAGAAAAACAAAA
288	0	CCGGCCCCAAAGACGCTAAACGTGCCCTACTCTGCCCCGGG
289	0	CCTGTCCCCACTGTGGCCGTCGGTTCCGAGTCCATGCCTGT
290	0	CCCTCAGGTTCCCTTTAGTTCGCTGCTTGTTCTTCCCGCCC
291	0	AACTGGGACTTGAAGACAAGCGGCTCTCAGAGGGAGGTGAA
292	0	CTCTCACAGGCGGAAGCCGCCGACCACCCAGCCTGCCCTTC
293	0	CTCTCGAGAGCTGGGCTCTGCGTCCTCGTCCAGCCGCCAAC
294	0	GATTCTTGGCAGAGAATCCACGCTCACCTTCGGGTCTTCAC
295	0	TATCCTGCAGCGCCACCACGCGTCCTCACAGGATCTTACAT
296	0	CACAAACATGGGAGCATCCTCGGAAAAGGGACTTAAAAGCA
297	0	GGATAACTCTTCTCTAGTTACGAGTTCAGGCACCTGCTGCT
298	0	GGGAGGGTTGTTACTTCTGCCGGCCTCCCACTGCAGCCATA
299	0	GCCCTCAGCCAGCAGAACAGCGGGACCAGGCTCCTCCACAG
300	0	CCGGCCGGGATTCCGTTCGGCGCACTCAGCGCTCGCCTCCG
301	0	GGAAAGTTCAGGCACAGAGACGCGTGTTCTGATTTGGTTGT
302	0	GAGGTGCTCTCCTCCAGAGACGGGGAGCAGAGGCAGCACAC
303	0	GAACCAAGCCTGCCAGCCCGCGTCCTCCTGTAGCCAAGGGC
304	0	CAACCCACTCCTCATTCCCTCGCTGGGTGTCCCCCCACCAA
305	0	TTGGCCACCATGTGCACGTGCGTACTGTGTCTGCCTGCAGT
306	0	TAAGACCGCCGGGCCACGGCCGCCCCCAGGAAGCCCCGCGC
307	0	AAGGGAAGGACAAGTCCTCACGAGGTTCCCTCATAGCCCCT
308	0	TGTGGGACTGAGGCCTCCCTCGACCCTATCTGGGGCTCTTC
309	0	AGCCAGGGGCCGCGGGCGCGCGCGAGACTTTCCAAGTCAAG
310	0	CTCTTACTGGCCCGTGGTGGCGTCATGAGGAGGATGAATGG
311	0	AAGCTTTTTTAATATTTATTCGGAGAGCTTTTGCATTGTAA
312	0	ATAAATGGCGGGGGGCAGGACGTGGTGGTCTCCAGGCTGGC
313	0	CCCAGGCTCCGCGTTCCCGCCGGCCCCAGCTCCAGCCCCGC
314	0	TTCTTTTGAATGCTGGAGACCGGAGGAACATGGACTACCAA
315	0	CTAAGGCCCTCGACAAGTAACGGTTCTACGTCTCCAATCGG
316	0	GGATTGTGCACTCTGTGAGGCGCAGGGCCGCCTGGGGTCAG
317	0	GATTACAAAAAGAAGAAACACGTATTCAAGCTAAGGTGAGA
318	0	GAGGGCCGAGCGGCCTGGGGCGCCCTCTCGCGACGCATCGG
319	0	AAAGGAGAGGCATCACTGGGCGGCAGACGCCAGCAGCAAGA
320	0	AAGTGAGTGGTGAGATGCCACGGTTTACCCCCAAACTTCTG
321	0	CTGGAGGCCTCATAATTTGCCGCTTAGCTTCTGCTTTCAGC
322	0	TGTCCCCTCAGCCTGAGCCCCGCCTACCGAGGGTGGAGGAA
323	0	GACCCACCCCTCCGGCGCCCCGCAGGCTTCCCGGGCTCTCC
324	0	GGAGCTGTGCGGGGCGGGACCGCCCCAGGACCCTCGGTTCC
325	0	CAAGCTAAGGGGCCATCATACGGACCAGTGTTATCACAGCA
326	0	CACCTCCTCACAGTTGTCAGCGTCCACCTCCAGGAACACCA
327	0	TAAAAGAGGGGCTTTGGTAACGTAGCTTAGGGCATGAGGGG
328	0	ATTGGAAAAAAGAGAAATCTCGTCCTCAAACCATGGACAGC
329	0	TCAGACTCGGCCTCTGTGGTCGCGCCTCTCGCTCCTGGCTC
330	0	ATGCACATGTGCAGATACACCGGCTGACAGTGACAGCACAC
331	0	AGATTACAGGCGTGAGCCACCGCGCCCGACCCCAGCAGCCC
332	0	CTCCCTCTCCCATGTCTTAACGGGAGAGGGAGAGAAACCAT
333	0	TATGCAGAAATTTATCGAAGCGGATTATTATGAACTAGACT
334	0	GGAGAAATCCTATGGATGCTCGACCACTGGTCAATTAGCAG
335	0	AGTATCCTCAGTGCATCCTCCGCGAGTATCCTCAGTGCATC
336	0	GGCTGGAGATGCCCCAACTCCGGAGAAGTCCTCTCAGGAAA
337	0	CGGGGCCTCCGGCCGCCGCTCGCCCATTCGCACATGGCTTC
338	0	TCTGCCCCCATAATGCTAAGCGATCTTGGCATTAATGGTAA
339	0	GTGGGCTCCCCGAACTCTGCCGCTGGGAAGGAAAAGAGCAA
340	0	ACTGGGTCGGGCAGCACGGCCGGCACCACACGCTCCCAGAG
341	0	AGCCCATCCGGCCCTCACGCCGTGGTCCAGGCTGTTCCCTG
342	0	CTCAGCAAGCCGAGCTAGTGCGGGATCCTGCATGGGGACAT
343	0	TGGGGCCAAGGGCAACCTCGCGTCCCCTTGCCCCGCCCGTG
344	0	GACCCCGCCTTCTCTAAACTCGGGCCCTGCACATACGGACC
345	0	CCCCATCCTTATGCGATGCACGACAGAAGCTCGCCCTGCTG
346	0	TGACCCCGGTCCCGAGGCGGCGCAGGCCCATGGCGGAGACC
347	0	ATCACCTGAGCTCGGGAGTTCGAGAAAAGGTATAAAAATGT
348	0	GCGAGGCGCCCTCCGCTTCGCGCTCCCTCGTGTCACGAGGG
349	0	GTGGTGGAGGCGGGCGGGTCCGGAGGGTTTCGTGACCCCAC
350	0	CTCCCGAGGGGCTCTCGGTCCGGCCGGCGGCAGGGCCAGTG
351	0	ATGTGCGAAGCCCATAGTTGCGGTCAAAGTAGGTCACCCGG
352	0	AGAACGAAAAGTATCTTCCTCGCGAACTGAATCTCAGTTGA
353	0	TTCAATCTTCCCAGCCTCAGCGGGAGTGACAGATGCATGTT
354	0	CCGACCCCTCTGCTCGCGGCCGCGCCTTTGAGGTAAAGCCC
355	0	GGAGGACACCTCCCACGCTGCGCAGGGCTCCAGAGGCTTCG
356	0	AGTGGTGGCGGCCGCGGCAGCGCCGAGGTTGTAGCACATTC
357	0	AAGAAGATGACAGACACTCCCGTATCTGATATACATAGCAT
358	0	GAGGCTCCAGGGTGGGAGGTCGAGCCCGGGCCACACCAGCC
359	0	TTAGACAGATGACGGCTGCTCGAAGAACAATGTCAGAAACT
360	0	TGCAGATGGAACAACGTTGCCGAGATGACATTCTTCAGAAA
361	0	TGTTTAACACTCGGTCAGGACGTGGAATACTCAATAGGGAA
362	0	TGTGAATAAAATTAAAAAGTCGGTTAGGCATCACTTTGTTT
363	0	CGGCAGAGCCTAGCGGAGCACGTTGGGAACCCTGTGGACAC
364	0	GCAACTTTCGGAACGGCGCACGCTGATTGGCCCCGCGCCGC
365	0	AGCCCTACTGGGGATGCGCGCGCAGACCCACGGCCTCTGCT
366	0	CGCTCCTGGCGCGGGGGTCTCGAGCCTCCAGGAGGCCAGGA
367	0	TGTGGGCACACGTAAGTGCACGATCACACATACAAGTGAGC
368	0	ACCAAAGACACTGGCCTCTCCGAGTTCCCGTCGGTGTCCTT
369	0	GATGGGGGCTGGAGGGAGGTCGCCTGAGGTAGAAGACACAG
370	0	CGGGCAAGGCCCTGCGCTGGCGGCCTGGGCAGGGCAGGTTG
371	0	GCTGCAGACTCTCACCGCAGCGGCCAGGAACGCCAGCCGTT
372	0	CTCGGGAGGGGTGGAGGGGGCGAGGCAGAGGCCGCGGCCCC
373	0	GCCTGAGGAGCGCACTCCACCGAGTTCTGCTGCGTCTCTTC
374	0	CTGGCTCCTCTCCACAGCACCGCCCAGCTGGCGTCAGCCCC
375	0	CCCCCACGGAATGATTCTCACGGGGCAGTGTTAACCAGGAC
376	0	TCGCGGCCAGTTCTCCGCCGCGCACTCGCCTCTGGCGTCTT
377	0	AGTAGCAGCAGGCTCTGTGGCGCCCACAACAGCTCTTAGAC
378	0	TCGCTTCACAGGTGCAACCCCGCAGCCACGCACCGGAGGAA
379	0	CATGAGGCTCTGGGATGTCTCGGGGCTGCTGTGCTTTATGA
380	0	GCTGTGGGGCAGGGCACTACCGATAACTGTGACAGCACAAG
381	0	TTGAAGGCGAGAGGGCCCAGCGACAGCTCTGTTTTAGACAG
382	0	TGTGTAACCTTAATTCTTAACGTGTCTTATGAGTTAATTTT
383	0	GCTGCGCAGGCCACAGCGCCCGCGCCTCTGCAGCTGGAAGC
384	0	TGTTTAAGTGATTTATTCCACGGCTGAGCTCTGGTTCTACT
385	0	CTACTTCGCCTCAGCCAATCCGTAATCGCTTTTCCTGTTAT
386	0	GCCCGTCCTCCTCGCGCTGCCGCCCCGTCCACGTCCTCCAC
387	0	ATGGAAACGCCGCAGACACCCGGACAAAAGCCGCCCCCAAC
388	0	ACGGAGAGCCTTAGTTATCGCGAGACTTGACAGGCACCCTC
389	0	ATATAACCTTATTATTTTTACGGCGGACTCTGGGAAAATAT
390	0	GAGGGGCTGGCAGACAGCCACGTAGCGATCAAAAGCCATCA
391	0	GATCATGGAGGCCAACCCACCGGCTCCTTGGCATTACTTCA
392	0	GGCGGCGCCCTGTGGTCCCTCGAGGAAATAGTAGAGAGACA
393	0	CTTCCTCTGGCGGCCGGCGGCGGGAATTGCCAGGTCGCTCC
394	0	CGCCTCCCTTGAGCTGCAGGCGGGTCCGGCTCTGACGAAAC
395	0	GAATGGACGGCCGCCAATGGCGCAGAGGAAGAGCCTCGAGA
396	0	AGTGGGTCAACTGCCACAAACGTCGCTAGGAAATTAAAAGG
397	0	AGACACAGCCCAGGTCCCTCCGCGGCTGGAGCGAAGCCTTC
398	0	TCGAGCACCTGCAGCCCCAGCGTGAGTGCCCTGGCCCGTGT
399	0	CCTGTGCCGCCCACTGTGCCCGCCCTCAGGTCCCGAGGACC
400	0	TGTGCCTGCCCCCCTGCCTACGCTGGTGACTCTTGTCAGGT
401	0	TTTGCTCAGTAGGTTCCTTTCGATGCCACTCTTTGTTGGGA
402	0	TGTTGCAAAACAAAACGAAACGCAAAGGCACATTCTAATCC
403	0	CCAGAAAAGGTCCCAAAACACGTCTCTGGGCAACAGGACAC
404	0	GCCAAAAGGTCAGTATCCTTCGGTACCAGTCACAGTGCAGA
405	0	CGCAGCCCGGTCCAGCTGCGCGTGTTTACCTCTGGGCCTAG
406	0	CCCACGCCCGCCCTCCCCCTCGTGCAAGGAACAGACACCAA
407	0	CTGGGAATCCAGGGTATGTACGATCACTTCTTGCTTTGGAT
408	0	GTGGCGCCGCCGTGCCGAGCCGGCCTCAGACTCACCTCTGA
409	0	ACGCCACCGGCGGAAAGAGACGCAAAACCTCTTCAAAGGAG
410	0	TGTATTGAGCTGAGATGGCTCGAGCCTAACATTCCATGATC
411	0	AAGCCAGACTCAGCTCTGGCCGGTGGCCACAGGGTTTCAAA
412	0	CGAGCGGCCTCCCGCGCATGCGCCATGGGGGCCAGGGGCAG
413	0	GGGTGGAATCGACGTCGCTGCGGCTGCCGACGACCCACACC
414	0	GTTACGTCCCCTCGTTCTGTCGGACGTTGCAGGTCCCGCCC
415	0	TGGGGAGGATGCACTGAGGGCGCTCTGGGAAGGATGAACTG
416	0	CACTGTCTCACTGGCTGCAGCGTGTGGTCCCCTTACCAGAG
417	0	CACTGGGGGATGGTGAAAGACGTTTAAAGACACCGCACAGG
418	0	TCCCTAATTTCATGCGCCTCCGCCTGAGTTCCTGCACGCAT
419	0	GTGGTGTCCTGCGCGGCCGGCGTCACCATCAGCTCCATTGA
420	0	ACCGCTAAGAGGCGACTCCCCGGGGGACGCCTCGAGCCCAG
421	0	GAATGTGAGTGACATCATATCGTTCCCCAACAAATACAAGG
422	0	ACCCTCCAAGATCCGGAGGGCGCAGGTTCTGACGCATCCGT
423	0	AAGCTGGCAAAGTAGAGGGTCGAAGGTAAACAGTGAATATA
424	0	GCCGGGAGCACGGAAGTCGCCGCACCCAGCGGCCCGCGGGA
425	0	ACGATGTTGTGGCAATGGCACGAAAGCTACAGGTGAGTGGA
426	0	TGAGGCAGTAGCCTCATCTGCGGAGACTGTCGTGAGATATG
427	0	TCCCTCGGTGTCGGAGTCGGCGTCAGACCCTGTGCTAAGGG
428	0	CTTGCACACCCACACACACTCGACAGTAACTGTACTGCCCT
429	0	AGCTTACGCCTCAAGGAAGCCGGGCCAACCGAAGCTCAGCG
430	0	GGTGGGGGAAACCGCGGCGCCGCTGCACCTCCCCTGGCCTC
431	0	CACCCTCCTTCCTGAGCCCCCGCCACGCCCAGTCCGATCCA
432	0	CCCCCGGGGACGCGGGTCCTCGGGCTCCAGAGCCTCTCACC
433	0	GGTGGAGCTGGAGAGTATTGCGCCTTCTCTAAGCTGCCCGG
434	0	TTGCCCCTCCCAACCCCTACCGGAGATCTACTGTATGTCTA
435	0	GCATCATCCTCAAAATCTCCCGGAGTTGGTAAAGATATATT
436	0	ACGCTGTGGCTGCAACTCCCCGCCCGCCAGACCTCAGTACG
437	0	GGGCCAAGGAGAGCAAGGTGCGCGAGTACTACGAGAAGCAG
438	0	TGCAAACTCTCTCCCCAGGCCGATCATATTATAGGAGAATG
439	0	CGCGCGACCCGCCCTCCTCACGCCGCCCGAGCCCCCCAAGC
440	0	CTCCCGCTCCTGGAGGACGGCGCCATCTTGTCTTGTGGCTT
441	0	GGCGCTCTAGAGGGCTACGACGATTTAAACAGAAACACATC
442	0	TTCCCAAGTCACCTCTTGGCCGAGGGTCTCGGCTTCCCTGC
443	0	CAACAGATGGCGCCGGTGTCCGCAGTGCGCCTCCAGGCCCA
444	0	TGAGAGGAGGCCCCGCCCCACGCTATCCGGGCTGTCAGCCC
445	0	TGGGGAGCCCCCGGGGTCCCCGGCCAACAGCTGTGCCTGCT
446	0	CGCGTGGCATTGTCAGCTCGCGAGTGGATCGGTCCTGCATT
447	0	AAAAGTCCTCTAGAAGATAACGATTGTTCACATTGCAAACC
448	0	GGCGGAGGGAGCTCTGGTAACGCTTTGTAAACTGACTCGGC
449	0	CAGCCCTGCGGGCCTGCTAGCGCGAAACCGGGTTGTCCAAA
450	0	GAGTTGCGGGGAGAGACAAGCGGTATCCCTGCAAATCTGAA
451	0	CCGTTTCCGGTGGCTCGTCGCGCTCGCTCACTCCAGCTGCA
452	0	TGTCGAGGACAGCCAGATTTCGAGGACAGCCAGACGTCAAG
453	0	TGAACAACGCCCGAGCCGCCCGCTCGCTTCTCCAGGCCGGA
454	0	TCACCCGGACCACCAGACTCCGGGATCCCTCCAAGAAGTGG
455	0	CTAGAGGGCCTGGAGGGCAGCGTCCAGAACATCCAAGTATG
456	0	ATACTCACATTCGGAGTATCCGCTGACTGGGATCATTGGTT
457	0	TCTGAATTTAGCGTTGGTAACGGAAAGCGACCTGTAAAACA
458	0	CTGTAGCTTGCTGTGAAGTTCGTGTGAATATTTGAATATCA
459	0	TGGGCCATTCCCTGCAAGTGCGTGTTGGTCCCTTAGGGCTT
460	0	CACCTGATAGGTGTTAGAGACGGGGCAGACAGATTCCTCTG
461	0	CAGGGTACAGGCCACGGAGCCGCAGCCCCAGCAGGTGCGCA
462	0	CGCCACCCACCTCCTCATCCCGGTCAATTTCCCGAGTTGGA
463	0	TAGAACGGGGGGACTGCAAGCGTCCTGTGTGGCATTTCCCT
464	0	TTCATTCTGCCTGATTCTCCCGTGCATATGGAATAAAGCCT
465	0	AGGTAAATGATGGCTGTAACCGATTGCATCATTTGTGTCTG
466	0	GGATCCGGTCTTTCCAGCCCCGAGAGGGACCTGGTTCCTCT
467	0	CTCCCCCGGTTCGCTGCCCGCGCTGATTGGCTCCAGTACCG
468	0	GTGCGTGGCTACTACCGTGGCGCTGTCGGTGGCACGTTTGA
469	0	CGCCTCACCAGCCCCCCGCGCGCCCACCCTCCGGCGGGTGA
470	0	GCCCCGAGGAAGCAGCCCGGCGGTCAGTCCAGCACAGCCAG
471	0	GCTGGGCAGAGCGGGTTCCGCGGGCTCCCTCACACACCTGA
472	0	TGTTTCGCGGCCTGCGGCAGCGATTCCACCTTACGCTGTCC
473	0	CTTGGCTGCTGGGTGCCTGTCGCTCGTGTGACTGGCCTCAG
474	0	CACGTGGGAAATCGCGACGGCGTGCTCTGTACAAGTGCAGA
475	0	AAGAGAGTGAGCCCCCAGGCCGGTAGGCTCTCCAAAGAAGG
476	0	GTGTCAACAGCGGCACAGTGCGGCTGGCATTCTGATTATGG
477	0	GCTCATGGCAGGTGTGTGTGCGTCACAAGACAGATGCACAA
478	0	AAAGCGCTTCACTTACTTCTCGTCGCTGAGCCCCATGGCCA
479	0	CTTTGGAAGGGTATCCACCGCGCGGCATGTGCGAGTTCAGT
480	0	GTCCTAGGGGGACTCTGAGCCGTCTTTGCCCCGAGGTTGTC
481	0	TGAGCGGAAGGCCTGTGGAACGGATTATCTACGAGATGAGC
482	0	GGGAGAGCTCGGAGCTATTTCGGACTCCAGGCCAACATCCA
483	0	CCATGATGAACCTCGCCACGCGGAAGTGCACCCTGGCTGCC
484	0	ATGGACGAGATGGAGTTCACCGAGGCTGAGAGCAACATGAA
485	0	ACGAAAGCTGTTGTAGAGTGCGTGTGCTAACTAGATGTGAA
486	0	GAAAAAGGAGGAAAGAAAGTCGTTAGCTGAAGCTGCCACCA
487	0	CAGGAGTAAGGGGACAGGAGCGAGGACTGATGCCACTGTAG
488	0	GGACAGGGCGGCCAGCCACTCGTCAGTCCACACCGGCCCAG
489	0	CACACACACGCACACACACACGTTCCCAGCCTGTTAGCAAT
490	0	TTGTCGGGGACCTCGAGGGACGACACACGCAAGGGCAAGGC
491	0	GATTAGAGGAAACTATTCCACGCATTTGAAAAGCATGAAGA
492	0	GAAGTATTATTTATAATTTACAGCTCACAATGATTACTTTG
493	0	CAGTTGCACACACCTCTCTGCGGAGAAACGTATGACAGCAC
494	0	CTGATCTTTGGTGGTCTTCCCGCTGTCTGTTCTCAGCTGCT
495	0	TCGTTCTCTGCCAGAACCCCCGATTGGGGATCCCCCAGAGC
496	0	CCTTTCCTCATCTCCGCTGGCGGGGATCCCCGTTCGCCTCA
497	0	GGCAAGACTCCGCCCCGTAGCGAGGCTGCAAAGACTTTACG
498	0	TCGGCATTCACCTCTGTGGGCGATGGAAGGGGTAGCCTCAG
499	0	CGTGCGGGGTGCAGGGAAGCCGCAGGTGCAGGCCCGCTTCC
500	0	CGCCCCTCCTGCCTGCCCTTCGAGCCTTCCGGATGCTGAGA
501	0	GAAGCAAGCTCCAGCTTTCACGTAAATTATAAGAAATTTAC
502	0	GATGAATAGCAGTGACCCATCGGTGGCACTGTAGAAAGAGA
503	0	GGCGGCTCCTCCCTCCGCAGCGCCGAGACTTTTAGTTTCGC
504	0	GTTTTCAGACAGCTGTGTTTCGGAGTGAGACTGATTTAACC
505	0	CAGCGAGGTCACGGTGTCCGCGGCCTCAGCAGGAAGGACCC
506	0	TCGCGCCTCCTTTCTTTGGCCGCACCGCGACCCGTGGCCCC
507	0	GCGTCACGGCATCGTCCGAACGCCCGCAGACGCCTCAACCC
508	0	GCTGGGGGTGGGGTTGGGGCCGACTTGAGAGAGGACCATTT
509	0	TGGTCCAGTGCCACCACCAACGCTGCTGCCACCTCTGCAGG
510	0	AAAGGCGGGTGTCTGGAAGCCGAAAGTCCTGACTAACTGAG
511	0	AAATTGGAATCCAGCAGCGGCGAGCAGCAGCTGGGCAGTCA
512	0	TTGCTCGCTGAAAAGGATTTCGGATTGCTTGCACAATGGGT
513	0	TCATATCAATGCTAAAATTCCGGCAGGGAAAAAAATGATAT
514	0	GTCTTCACGCCACAGCCCTCCGCGCCCAGGTCCTCCGAAGT
515	0	TCCTTCACTTCCAATGCTCCCGGCAGACACACACAAGGAAC
516	0	GATCATCAATTAATTAGCAGCGTCCTGAACAAACACGTGAG
517	0	GAAAGGAAACCCAATGCGTTCGTTTGTGAGGCATTGCCCTC
518	0	GGGCCAGAGAGAGAACCACACGATTCAGAAAAGCAGTGCCC
519	0	CCCCTCTCCCTTCCCTGGACCGGCGAGTCTTCTTGTAAATT
520	0	AGTAGTTTAATAGCCCGCTCCGGCCTGATTCCTGAGTAGTT
521	0	GCCCTCACCTCCTCACCATCCGACCAAGAGTTGTCTGGGTC
522	0	CCCACAGCTGGTGGCGCTGGCGGCCTGGTTGCTTGGCAGCC
523	0	ACGGCTGGGGGGCTCGTCAGCGTGTCTCCAGGACAACTGCG
524	0	GCGGATCGCAACCCGGAGTCCGGATCCGATCCCGCTCTGCA
525	0	CTTTCCAAGCCTAGGTTATTCGTAGAACCATAAATGGGTGA
526	0	CAAAATACTCGCCTCGGCCCCGACCCCGGCAAGAGGTAGGA
527	0	CTATTGGGGGAAGAGGTTCTCGTAATCGCTCGGTGGGAAAT
528	0	AGCATTCACTGCTTTAATTACGAGCCACATCCAGTGGTTAA
529	0	AATTCAGCTTCCAACTCACGCGCTGGCGGGACCCTCAGGGC
530	0	GCAGAACAGGGTTGCCTTGTCGCTCAACCTGTCACAGGCTG
531	0	CCGCACCTTGCTGGCGTCCCCGATCTCAGATGGCCCCACCA
532	0	TGGGCGCTGTTCGGACGCTGCGCGCGGGACCACCTCTGCTC
533	0	CCGCGCAGACTCCGGTGCGCCGCGTCTCCCGCGGGCAGAGA
534	0	CTGAGCTGGGGAGGCGGGTGCGGTGACAGCAGCGCCCCTGC
535	0	TCCTTCCTGCTCACGCTGCACGTGTTCTTGACATGGGATGG
536	0	TCCGCTGCGTTTTCCGCCGACGGGCCCCGCCCACTACACTT
537	0	GCATGTTTATTCCCTTATGACGTGTTTTGCATTCACACGCT
538	0	ACACACTGCGGCCCCCAAGGCGCAGCCGCCCAACCGCTGCT
539	0	AGGGGGCGGGAACAGATGTCCGAGTGCGACAGTATTGGTCG
540	0	GAGAGCGCGTGTCCCACAGCCGGGCCAAGACGGTGCCCAAC
541	0	AAGAGCTGGAAACCCAGCTCCGAGCAGATGGACCAAGACCA
542	0	CTCCTGGTCGTACACGTAGACGAGCTCGCTCCCGGTGGACA
543	0	GTCGCTTAACTACTGTTAAGCGGTTTCAGCATGGGCTCTGG
544	0	GCGGACACCGGGCCTGCCTTCGGCCAGAGCCGTAGAATCTG
545	0	CATCATACATGTCCTACTGTCGTTCCAGGCCATCTCGGAAA
546	0	AATTGATGAAATATGAAATACGTGAAAAGTTACTGGTTACA
547	0	CTAGGCGGGCTCGAACCGGGCGGGAGTCACTGTCCACCTTG
548	0	TGAAAATTGGGTTAGAGAATCGGTGCTGTGGTTGGGGCCTG
549	0	TGCTCAGAAAGCTCATTACCCGGAGGGCAGATTCCCGACAC
550	0	GGGAAGGAGAGAAGAGGGGGCGATCACTTAGTGAGCTGAGC
551	0	GCTCGCGCAGGCCTCGCGGCCGACTGACCCGAAGTCCTGGT
552	0	CCGAACGCGACCCGAGGAGGCGGAAGAGCGGCGCCGGTAAG
553	0	GGTCAGGAGCCGAGACGGGGCGGAGCTAATGCCCTAAGGTT
554	0	GAGTGGGCGCAGGGCGGCCTCGGCTGTGTCAACAGATGGGC
555	0	GGCCCCAGGAGCGACGCCCACGGCAGCAACTCTAACTTCTG
556	0	AAATCTGTTTACCCAGAGAACGAAGCATCAGATAAGCTTTG
557	0	CTGCCCTGCCCAACACGGGCCGTGTGGAGGAAGGAAGTGCA
558	0	AAACTCGCGCGAGAGCAAGACGGGCCTGGTGCAAGGATTGT
559	0	GACCGCGATGTATGCACGTCCGGGGCCCCCAGAGGCTGAGT
560	0	TTTGTCTTCCTTCCAGTTCACGAATTCTCTTTCAAGGGGCA
561	0	CAATGGTGTGCTGGGGGAATCGTGCTAAAGTGAAAGCATCC
562	0	ATTGAATGAGATTTATCATTCGCAGAAACTGTTCAACATAA
563	0	TTGAGTGCTAACAGCAACCCCGTGGGAGACACTGAGTGGTT
564	0	CTCGGGGCCGCGCTCCGAGGCGCCTGTGCATGCCACCTCCC
565	0	AATTCCCTGGGTTCTCGAGACGTCACTCTGCGGCGTATGTC
566	0	AAATCACCCATGCGTTCACACGCAGAGATGACCACTGATTT
567	0	TCATCAATGACAGTGACCTTCGGGGCTTTGCTAGCTCACAT
568	0	AGTCCCTCCCCAAGACTTCTCGGACTAAGTGGGCCAGACTC
569	0	CAGACGGGCCGCGCCCCCGACGGCCGGTCTCGCCCCGCCCG
570	0	CCGAGGCTTCTGGAGCACAGCGAAGAGGCAGACCTAGTCAT
571	0	GGGTCGCCCTCGCCCTCGCCCGTGGGGCCCATCTGCCTGTC
572	0	TGGGTGAGGAAGGAGGGAGGCGCAGGAGAAAGGGCTCGTCC
573	0	CAGGCATGAGCCACCGCACCCGGCCTCGGAAACATTTATTA
574	0	CGGAAAGGCGACTGCGGCAACGCCTAGTGCAAGTCAACCGG
575	0	AGACCTATGATGCGGACCTCCGGGAGCAGGCCCTGCGCTTT
576	0	CCGCCCCTCCTCCGGCCCACCGAGCCCCGCCTGCCTGGGCC
577	0	CAGCATCCCACCCACTGACTCGGTCGCTCACCCCATGAGAG
578	0	CCATATTTCATTACCTCACGCGGAGCCTGTGAGAGGGCCCT
579	0	ATGTAAATTAGAATTTTACACGGCATCAGTTTAGTCTAGAG
580	0	CGGCGCTCCGGCAGCAGCTGCGCCCGCCCGCCGTCGGCTCT
581	0	GCACCGGGGGCCCTAAGCAGCGAGACCTGAGGCCAGACGGA
582	0	AGAAAACATGCATCTCCGGGCGCTGAAAATTTGCATCTCTG
583	0	CCCTCAGCCGAGCCTCGCCGCGGTCCGCCATCACTACCCTG
584	0	ACATTGCCCCGGCGAGGCTCCGGGCTCCCCGCCCACGCGCA
585	0	CCGCCTGCCTCCCTAGCCTGCGGCTGGCGGCCCCTGCCTCT
586	0	AGACCCGTGCTCTGGGCCGGCGCCTTCACCATGGCCTCGGC
587	0	GCACCGCAGCCAGGTGCAGGCGCCTCCGCGCCCTCACTCCC
588	0	TGAAGTAAATAATATGATTTCGTTATAAGCACAGGGAATGT
589	0	CAGGACGGACAGCGCCCACCCGGAGGAAAGCCTGACAGATG
590	0	AGACGGGATTTCTCAGAAGCCGCGACGCGCTCATCTGCCAC
591	0	CAGCCACGCTCCTCTCAGCCCGGCTGCTGCCACAGGAAAAG
592	0	AAGTCTCTGTTTCAACAAGGCGGGGGACAGGGGCAGTATCA
593	0	CACGAAGGTTGGGGGAGGAGCGGGAATCCCCCCTGATGAGA
594	0	TTCTCCCAGGACCCTAGACCCGGGGCCACCTCCCAGGAATA
595	0	TGTCTCCTTTCTTTCAGAAACGCTGGGCCTTCGAGTTGGGA
596	0	GCCCTGAACCACTTTTTTACCGACTAGAAACGGGGGTGCCC
597	0	AGACCTAGAGATGAAGGAGGCGGATGACAGTTCACTAGTCG
598	0	GGGTTGGCCGACAGTCCCTACGGTGGCTCGGCAGGTCCTCT
599	0	CCTTGGGTCTCTGGCTCCTGCGCGCCCCTCACGTTGCCTGC
600	0	TATGGAGAGAAAGCATCTCACGCCTGAAGAGTCCAATAAAA
601	0	TTTCTCCTCTCCCTCCTCGTCGCTCCTTTCGCTCGATGCCA
602	0	AGCCAGTCACTCTCTGCAGCCGGGCGTGCCTTTTAGAGCAG
603	0	CATTAGTCCATGATTTAAATCGTTTTGTAAAGTTGTGTCAT
604	0	AGGTGGAGACCGGGATGTAGCGAGGACTCCCAGAGTTGGGA
605	0	TCGCCCTGGCTCTTTGAGCCCGGACCAGACAGGTGAGGACT
606	0	AGCAAGTGGGGAAAGGACAGCGGTGCTTGGCGGAGCCCTGG
607	0	GCCCACATTCCGGGGTAGGGCGGGCGCAACCATCCAGCCAG
608	0	GTAGATGATCTTATATGTTTCGTTCAACTCTGAGAAACTAT
609	0	GCCACCCAGAGCCCAACTCCCGGCTGAAGGATTGTCTCACT
610	0	TGCTGGGTTTGGGAGGAATGCGTTTACTCTCCAGGACCAAC
611	0	CCTGCCCCACCCCCTGCAAACGCCACTGATTAACTTAAAAC
612	0	GCCTAGAGTGGAGATGTCTTCGCATTTAAGGAAGGTTGAAG
613	0	TCAGCTGGGGCTCAGTGGGACGGTGGCTGCCTGCCTGTCTC
614	0	TATTGTTCCCCTTTAGTTTACGAATAAAGCTCGTCAGGCCC
615	0	AGGCGCGCAGCGTGGGCCTCCGTGGGCTTTTGACAAAATGC
616	0	ACTCTTACGGAGCTGCATGACGGGTTGCCAGACGAGACAGC
617	0	TCTCCTTCCTCTGGGTGTGCCGGGGGCCAGGCCTGCACAGG
618	0	GGACACGCTCCGGGCAGAGACGAAGCGGCTCCTCTGAACCC
619	0	CAGCGTGCGCCCCTTAGGCCCGCCTCGGGACCCTCCGCCCG
620	0	TTTTTGGGAAGCCCTGCAGGCGATCTGCTTCTGTCATCTGA
621	0	TGTGCCTCCCAGGGTATGCGCGCTTGAGAATCAATCCAAGT
622	0	CAATTAGGATGGAAAATTACCGTATTAGGGAAAGCAGGCCT
623	0	TGGCTGAGTCAGGGAGGGTGCGGGTGAGGTTACGTGTTCCG
624	0	GCTGGGCAGACTCTTGTACCCGTGGCAAACCATCCAGTCTA
625	0	GCCTCACACCCGGCTGGCCGCGGTGGCCCCTGGCCATGACG
626	0	TGGTCTTTTACTTTTTCTCACGCCCTGCTGCAGGTGTCTTG
627	0	GGCAAACGCGTGCAGGCCAACGTCAGCTGATATCCATTTCG
628	0	CCGAAGTCCCTGTAGCAGGTCGGTATCACACATCTGCTACT
629	0	CGCAGGCACCGGGGAGCCGCCGTCCGTCACGCTGAGCACCT
630	0	TGGCGGCCAGGTGGGCGCACCGCACGATGCCTACCAGCAGG
631	0	AAGGAGGGCGAGCGGGCCGTCGTTCCTCACCCAAGGACCCA
632	0	GGAGGGAAAGGGGCGGTGGGCGTCCCAGTGCTCTCAGCTGG
633	0	GCCATCCGTGCTGGGTGCCGCGTGCCCGTAGCCTGGGGGAA
634	0	CCCCACCCATTGGTTCTGACCGTCTCACATCCACTATTTGT
635	0	CCTCCCTCCCCGCCCCGCGTCGCCTGCGCAGCACCGAGCGC
636	0	CATTAACTGAGCTCTCCCCGCGCCGGTTCTTGGAGGAGCTT
637	0	GAACCCGGTGGCGGCCGCGTCGTCGCTGAGTACACCAGCTG
638	0	CGCCATGACCTTCTGCAAGTCGTAAGATGGGAGAGATTGCT
639	0	CAACGGTCGATGGGTCTTGGCGCCATCTGCCGGACACAGTA
640	0	TTGTCTCCTTCGCAGTCTGGCGAGGTCCCCTCACTGTTGAC
641	0	CGGGGCTGCTCCCTCGCGGGCGAGGCTCACCTGTCCCGGCC
642	0	GAATCAAAGTAAGCCCTGCACGGGCAGAGACCCAGGCACTT
643	0	ACCCTTAATTAGCCCTAATCCGGGCGGTCCAATCCTCCCCG
644	0	ATGCAAAGAACAGAAGCTGCCGACACCTGAAAATAAAAGCT
645	0	GCCCAGCTCAGACTATCATCCGGAAAGCCCCCAAAAGTCCC
646	0	TCTCTCCCGGCACTACAGGGCGCCAGCCAAAAAAGCACAGG
647	0	CGAGGCCCACAGATACATGCCGATTTGCAGGGGCACCTGCA
648	0	AGAAGCCCGCCCGCCACTTCCGGTGTTCACTGAGCAGGTCG
649	0	GAGAGTAGCCAATCAGTTGGCGAGTTGTCATTTGGGTTGAC
650	0	TTCACTCCAGTCTCAGCCCCCGCAGGTCCTAGTTTCTTCAG
651	0	CTTGCCTGGTCACAGAGGCCCGGGAATCAGTGACATGAGAT
652	0	CGGGCCGTCACACAGGGCTGCGGCTCATGGGGCCCTGCTAG
653	0	TAACCCCATCCTAGTCCCTTCGTATCTTTGTCCTGTGATGC
654	0	TCTCGCAGTCCTCGTGTGGGCGCTGGCACGCAGCATCCTTC
655	0	CAAGAGTGTGAACTCTGGCGCGGGTGTGTTTAGAATTATCT
656	0	TCCAGTGCCATCTGTGCGATCGTGCCTTCTCGCGCTCCGAT
657	0	CTGTGAGGAGCACAGCATTGCGGCCAACACAGGAGGCACTG
658	0	GCGGCCGCCCGAGCCCCCCGCGGCTCCATTGAGAAACTGAG
659	0	TGGCCATTTCCTGCCGCCCGCGCCTTTCAGGACAGAACACA
660	0	GAACAGTTTATTCTAGTCCCCGATTATTAACTGCTATCCAC
661	0	AGAAGCTGGGGACAGGTAGACGGAACTTTCCGCGTGGAGAT
662	0	TTCTCCTGGGTCACCAAGCACGGCATCCCAGGAGAGCCCAT
663	0	TCGCTGGTGGGGAGGGCGCGCGGGCCAGTGGCTGAGCTTGC
664	0	GCCTCGAAGCAAAAGGTCTCCGCTTTCTTACCGTAGTAAGC
665	0	AGAGCTCTCCATTCCCACCACGGAGACATCCAGACCCCAGC
666	0	AGCCTGAGCCCTTGTCTCCTCGGCACCCTCAGGTCACACCA
667	0	GGCCGCCCGGGAACTGCTGACGCTTGATCAGAAGGACCCAC
668	0	GGGAGAAATGATGAAAGGGCCGGAGGTTGTCACAAGAACAG
669	0	GGGAAGGCTGCGGCCCGAGCCGGCCCCCGACCCACCCGCCC
670	0	TCGAGGTGAGGGATAAGTTCCGGCCTCTACTCGGAGCCCAT
671	0	GCAGTCGGCTCCGAGATCCGCGGCCCGAGTTCTCCTTGGCG
672	0	GAACTGTGGGCATCTGGCCCCGCCTCAAATGTGTGCGGGGT
673	0	ATTGTCCAGCATTCCCTAATCGAAGTCCCAAGTGGTCTGAA
674	0	ATGCAGGGTGCTGCCCTGAACGACTTTGCCATCTGAAAATA
675	0	GCTTGAGTGATGTCCTTTAACGCCTTCACCCAAAGTACTCA
676	0	AAAGGCAATGGGATCCCCATCGAACTCAGGGAGCAAACACA
677	0	GCTGGGCGCCCCGAAATCCGCGCCACTTTCGTTTGCTCATT
678	0	CGGAAGAATGACTGTGGCCACGTGTGGAACAATTGTCACCC
679	0	CACACCCCCGCTCCCAGAGGCGCTCACCCTGCCCTGTTGTC
680	0	AGGTGCTTCGTAACTGCAATCGGAAGTGCAGGAGCTGGTCA
681	0	CACTACGACAACTGCAACTGCGACGGCTACACCAACAGCAT
682	0	GGTTAGACCTAAAGAACGTTCGCAGTTTGGGGCACAGAAAT
683	0	AGCGTTCCCAGAACACTCCGCGAAGGTGTTCCTGAACTTCA
684	0	TTAACCAGTGAGTCTTTGGACGGTGATAGCTAAAAAGGATC
685	0	TTAAAAATAAGGGTAGCAGACGTTTGAGGATGGAGATGTCC
686	0	AAAGAAACCGACTCTCAGAGCGGGCGCCCGACTCGCCCGCC
687	0	GCGGGAGTGGAGGCCGAGAACGGCCAAGGAACTTCCCATTG
688	0	TGTGGAGAGAAGCCGGGCGGCGAGTGGGCCCATCTCGCGAG
689	0	CAGAGACAGTTGAGGCTGAGCGAGACTCCGCGGTCCCAGCC
690	0	CTGCGCCCGTCCCTGAGCTGCGGATGCAATAAGGAACCTAT
691	0	GGCAGCAGCGGCTCCGCTCCCGGCCAGAGGCCACTTGCAGA
692	0	CTAGAGGGCCTGTTTAGCGCCGCCTCCTTGAAACTTAGCGC
693	0	ATTATTAATGTGACACAGGGCGAGAGAATGATAAACTTTAA
694	0	AGGGGCTCCTCTGCCAGGTCCGCCGACTGCAGCGTGCCCAG
695	0	TAATTCTTCCAGGGGAACCGCGCTAGCTGGGACCGCACCTT
696	0	AGTCATCCACAACCACACACCGACCACTCTAAGCTTTTGTA
697	0	TCGCTCAGGGCGTGGCGCAACGAGACTCTTAGAAGAAACTC
698	0	GCCCCGAGACGGCGACCGCTCGGAGGTCTCCGCTCACAGGC
699	0	GCCCGGAGGGTGGAGATTGCCGCCACCCTGGAGCTCAATGA
700	0	TTTACCTGTCAGCTGACATGCGACTATTGCACTTGCTGGCC
701	0	CCGGCGCCCCATGGCCACACCGCCGCCTGAAGACCCCACAC
702	0	CCCCTTCTCCAACTTCCCACCGTGTCCCAAATGTCAGGCCT
703	0	GGGGGCTGTGAAGGAGCACTCGTCCTGCAGCGCCTTGAATA
704	0	CCCGGACCGACTGTCCCACCCGCGACCCATGCTGGCCCCAG
705	0	CTTGAGAGCTGCCCCAGGCACGTGTGGACTGGTAGTGCCCC
706	0	ATCCTCGGTCTAGCCGCAGGCGGCATCACCATCAGTCAGCC
707	0	GCCGGGCAAACTTTGCAACACGCAATTGCAGGGCTGTGGAT
708	0	GGATTACAGGCGTGAGCCACCGCGCCCGGCCTGCCTCCCTG
709	0	CGAGGAGACCCTCACCCAGCCGGGATACAGCCACCGTGAAA
710	0	GAGAAACCTTATGACATACACGGGTCAGTTAATTTAACATC
711	0	TGTCTCTGACCACAGAGAGTCGATCTCTGTGCTAGTTAGGA
712	0	GTTCTTCCCCATGCCCACCTCGCTTTTCCACACCTGTACTA
713	0	CCCCTATGACTCTCCCAACTCGGTTCCGTGACTAGAACCTG
714	0	GAAGCTCCCTTGGCACCTCTCGCCCAGCTCAGGGGCTGGTT
715	0	TGAATGGACTGGTAATGTCTCGTTAATCACTGTGATCAGCT
716	0	TGGGTGCGCAGGGGACATGGCGACCGCACTACCGATTTCAA
717	0	TCCCGCCCCGGCCAGCGTTCCGCACCTTGACGATGCCCTTG
718	0	CTCAAAAAAAAAAAGGTGGCCGTGCAACAGCTGTAGAATTC
719	0	GCGATCCCCTCACCTGCGTTCGGGAGATATACCCCCGCCCC
720	0	CGCGTGTGTGCGGGAGGCGACGTGAACTGACTTGACTGTGG
721	0	GCATTGAGTGGCTAGAGGAACGGGCTTACGCTAGGCAGGCG
722	0	CCGGGACTGGGTGCGGCCGCCGGGGGTCCCCTACACAGGCA
723	0	TCAACCACATCATGTATTATCGAATCATTAGTGGTTTCTGA
724	0	ATTGTGTGTGTGTGTCTCCACGCATTCACACACTGGCAGAA
725	0	TCAGCCCCAGAAGCTGGCCACGCCCCTGACACCCAGCACCC
726	0	TGGAGCCTGAGCTGCCGCGGCGGCTCCTGGTTCTTGTGGAA
727	0	GGAGCGCAGGGAGAGGAGGTCGTTTTAAACCCAGTGGCTCT
728	0	CCCCCTACTTCCTGTTTCCTCGCTTGTCAAATGCGAAGTTG
729	0	GTGGCTCTCCCTGCAGCTCCCGAGGGACCCAGGGAACATCC
730	0	TCCTCCAGCCCCTCTCAGCCCGTGGCTGAATAGGGATGAAA
731	0	CTCGCGCCGCTTGCGTCTGGCGAGTTGTTGAAGTGAAGTCA
732	0	ATCTGGAGAGAACCAGCCCCCGTGACCCCCACGTGGCCCTG
733	0	AGGGATTGGCTGATGACTCCCGAGTGCTTGAGCTAGAAAAA
734	0	CCGCCCTCGGCCCCTGCGGGCGCACCCTGCAGGCCCCGCCC
735	0	GTGTCAGAGCCGCCCCCAGCCGGGCGGGCGCCTCAGCCATG
736	0	TGGACAGACAAGAGAACATGCGATGTTGGCAAAAACGGCAG
737	0	CACACACACACACACATACCCGCAAAATTTCTGGGTTTCTG
738	0	CCCAAAAAGCGAAGAGAGCCCGAGGACTGAAAGAAGGGCTG
739	0	CTGGTAATGTTATAACTAAGCGTATATATATTTTTTATTGT
740	0	AGGGTGGGCGCTGTAGACCCCGCTCCCGGTGACAAGCCCCA
741	0	TGGGTGTTTGTCGAACATGACGGGCAGGAACTCGTCCACAG
742	0	TATACTCTGTAGAGTCTGCTCGGCATCTGTGATCTAAGCTG
743	0	GCGGCTGCTTCTGCATGCGCCGCGCAGTGACTTGCAAATGA
744	0	GATCGGGTCGGCTTTCTACGCGGCTCTCGTGGAACCTAGCA
745	0	CCCCGGCGCGACCCTGCTGTCGTCTGCCCCCAGGCCTTTGT
746	0	GCTTACCACGTCGCCGATAACGGAGCTCGAGCCACGGGCTC
747	0	GAAAGTTAGTCTTGAGGTCGCGTAGGGCCTATTATGATGAT
748	0	ACCGGGCAGCCTGGACTTCGCGAGCCCTGGTGGGGCTGGCG
749	0	CCGCTCCGGTAACGGGCGCCCGCCCGACGCCGCCTACCTTG
750	0	TGTGTGTGTGCCGCCCCCAGCGTAGGAGGCAGATCTTTATC
751	0	TCCCCGGGTCGCTGTCGAGCCGGGCCAGGCTGCTGTCATCG
752	0	GAAGGTGTCCAAGATCACGCCGCCCGTGCTCATCTTCCAGG
753	0	TCTTTTTCTAAGTGAAGAATCGCCTGGAATTTCTTGAAACA
754	0	CCTGGGCGAATGCCCCCTGCCGGCCACAAAGGAGATCCAGA
755	0	ACACGCTGTTAGTCAGATCCCGCACGCTGTTGGCCCCACAG
756	0	CAGCAGGGGCAGCTGCTGACCGAGTTGCATCTCATTGTTGG
757	0	GGATTACAGGTGTGAGCCACCGCGCCTGGCCCAGAACAGCA
758	0	GGCATGGTCCACGCACTTGACGTTTGTCAATTGCCTTATCC
759	0	GGTGGTGGCGGTGGCGGTGCCGCTGAAGCCGGGCCTGCCTG
760	0	GGCAACATGAAGAGCAGAGGCGACCCACCCTGCACTTACGA
761	0	CGGGGCGGCACCTATCAGTGCGAGCTGTTCATAGAAGGCTT
762	0	AGTGCCCACCCTGGAACTGCCGGCCCCGCCGGTGCCACAGT
763	0	CGCTGGGCGGGCCAGGCATGCGCACACCAGAGGGCCCGTCT
764	0	TCTCTTTCTTATTGAGTCACCGGAACCTGTGTCTGTAGCTG
765	0	CTGCAGCAGCAGTTATGGAGCGCCTCCATCTGGCCCTGAGA
766	0	GGCCTGGAGGGAAGTCAGACCGGACATCAGTGCCCCAACTG
767	0	GCGTAACTGTGTCCTGGGTGCGGTCCCTCGAGTCCCCGCAG
768	0	CACCTGGGTCTAGCGTGGGCCGGGACTCCCATACTGGCTAC
769	0	TGGGTCTGGCGAGCTGCCCGCGTAGTGGAGTGGTGTTAGGG
770	0	ACGGACCCTGGGGTGCTCTCCGAGTCAGTGTGTCGCCTTCA
771	0	CTGGGACCCATCAGCTCCTGCGATCTCTGGCCGGCCTCGCC
772	0	GAAAGGATTCAAATTCATAACGGAGAGCTGGGCAGTAGCTT
773	0	AAATTGAAAGCATCCCCATCCGACATGTGAATACGGCCCAG
774	0	GTCTGCAGAGAGAAAAGGGACGTGCTGCAGGGTTTATCAGA
775	0	ATTGTTCTGAGAAAGTGGCCCGTTGGCTGGTTGCTATGGAA
776	0	ACCAACTGGGAAAAGAATCCCGTAAGTGGGAGAAAGGCTGT
777	0	GACTCGTGCTACAGTCCCCTCGCCCAAGTTCACTGGCTGTT
778	0	TGTCTGAGCAGTGAAGGTTACGGAAAAGGTCCAGGCTAAGG
779	0	CAGAAGCCAGGCCCTCCATCCGCTGAGTGTGCTGCGTGCTG
780	0	GTACACGCACTGGAAGCAGACGGTGTTCTACATGGAGGACT
781	0	TTCCTCCAGCTGCGCACCTCCGGCCCTCACTGCACGCGCCA
782	0	GTGACCTCTGCAAGACAAAGCGGCTTTCTAATAGAGAGATT
783	0	AAAGGCCGCCCCGCTCGGCCCGCCCCCTCATGAATAGTTAA
784	0	GGACGAGCGCATCGTCTTCTCGGGGAACCTCTTCCAGCACC
785	0	CTCGTCTCCCATCTACAAAACGTGAAGATTGGCCCAGTTAG
786	0	TCTTCCTCTTTAGAGTGCTACGGCTCAAGGCTGGGCTGTCA
787	0	CGGGTGAGGGCAGAAGGCGGCGTTTCCCCAGAGACCACTGC
788	0	CTCGCCCCGCGCTTCCCCCTCGTCCTGCTCGTCCCTCCGCC
789	0	CTCTGCTTACTCCCTCCCATCGCCCGTTCGCTCAGGATGTG
790	0	GCCTAACCCGGACGCCAGCGCGGTTTGCTCAGCCCTAGGGC
791	0	GAAGAGAATGAGAAGGGATGCGCTTGAATGAAACTACCACA
792	0	AGTTCACCTTGAGCAAGAGACGGCCACAGCAACACAGAAAA
793	0	TCTGTGTAGCTAATGGAGCCCGAGCGGTCCCGGTCATACTG
794	0	ACCGCCGCTGCAGCTGCGCACGCCCAACGACAGCCTCCCGC
795	0	GGAGGCCCAAAGATAGAAAACGTGGTTGAGCTATCAGTGAG
796	0	TCTGTCCATGTGGACTTCGACGTGGTCCTCTAGAATGGTTT
797	0	GTCGGCGGCCCACACAGCAGCGAGAGGCGAGAGGAGGCTGC
798	0	CTTCTTAGTATCTGTTCGGTCGACAAGTATTTAGGTCCTTG
799	0	AGACCAGGGGCTGGGGGCGGCGGGCTGGGATCCTGGGCAGG
800	0	GGGGGTGGTGTTAGTCTGTGCGGGTCAAGGGTATGTGTTAT
801	0	CTTGAATCTCATCCTACCGACGAACTAGAGAGGACAACAGA
802	0	TTTGTCCAAAAAAATAGTCACGAGTCAGGCCGCTTGTCTCA
803	0	GCCGCTGCCATGGCAACCGGCGGAGGCGTAGCTCGCCCACG
804	0	TGTCTTTCACTGCTTCTGAGCGGATGCTTCGGTATTGTCAC
805	0	TCACTAAAGATAATGGGAATCGAATAAAAAAGAAGGAAGAA
806	0	GAGGGAGTTCCAGCAGGCCACGGGGAACCCAGGACAGCCTG
807	0	AATGATGGGCTGGAAGGAGACGATTGAACGCACAGCCAAAT
808	0	GGGGCGGAGGGGGCGGGGGACGAAATCTCCCGCTGTCCAGG
809	0	TTTCAGTACTTTGTGAGCATCGAGGCAACCCAACGTCACTG
810	0	CAGAGCTGGTAGCAACTAAACGGAAAACGCTGTGAAGACTA
811	0	AGGCGGCTCGGCTCCCCGGACGTCAGCCTCGGCGGCCCCAC
812	0	ATCATAGAACCCCGGGCGGCCGGGGACTTCCCAGAAGTCAC
813	0	GTCCACACCCGGGGGGCCCCCGGGTGCAGAAAACAGCACCT
814	0	GCTCCCCTTCGCCCCCTCAGCGAGCCCAGCGTGGGGACCAC
815	0	TCAAGCCAGCGACTTGACATCGCGGAGTCTTTGTGGCTTCC
816	0	CCATTTTCCCAGGCGTTGTGCGGGTTTCTTAAACCTCTCAG
817	0	GATGCAAGCTAAGGAAATAGCGAACCAACTAGGCCCCAGCG
818	0	GGGGACTGGCGTTCAGACCTCGGGCCGCTCGCATCTCTAAC
819	0	GGAAAATATGTACATCAATGCGCACCAGTGATCAGAAAACC
820	0	GGCCGCCCATCTGTGGAGGGCGGGACCACCCACAGTGACAG
821	0	AGGAGGAGGGGGCGGGAGCCCGGTTTGCATACACGGCTAAT
822	0	GTAATGAAAATAGATATACTCGGACTGAATACATCTGTTAT
823	0	AGGGCCGACTCTTCAGCGACCGTCCCTAGAGCCAGCGGACG
824	0	GGTGTTATAAAAGCAGCACACGAGGATGGACTCAAAATGCT
825	0	GGGCCTTGAACTGGACAGAGCGTCTGCACCTTGGGGACCCA
826	0	ACCCGCGAGTCCAGTCCCTGCGCGCCGGTGATTTGAACCCG
827	0	GACAGCAGGGTGACAGGTTCCGAGGTGGATGCGGACCACGT
828	0	CCTAGCGCCGCGCTCACTTCCGGGCAGAGGAACGCCTCACT
829	0	CCGGCCCCTTTGTCTAGGGGCGAGCCTGTTGTTGTGGCTGC
830	0	CCTTAAGTTGGGGTGTTTGTCGTGGGTGGTTTTGTTCTTTG
831	0	AAGAGAAATCTCACCGCCCCCGGTTTTTAGGGTTTTTACCT
832	0	GGCCCGCTCTTGGGGTCTCCCGAGCTACTGGCTTTGTGAGA
833	0	GTACATAGAGACTGAACCCACGGGCCCTGAAACTTTAAGTG
834	0	GTTCGAAAACGAACTTCCCACGTTTGCTATGTTGCCCTTTG
835	0	CAGCATTATAGATTCACCCTCGAGTCAGAATGTTAAAAACA
836	0	AGGCCTCCCACGACAAAGCACGGCCACCTGGTCAGCACAGA
837	0	GCTCCCTGGAAGGGCCTCCTCGTGGGCGTTCTGTACCTACA
838	0	CAGACCCCCCCTCCCGCCCCCGCCACCCGCAGGATTCCTGG
839	0	ATCAGGGGCGTGGCTGCTTACGCTGGTTCCCTCGATAGCAG
840	0	GCCCACATGGCCATTCCAGGCGGAGCTTGGCTGCTGGCTGG
841	0	CCAGCAGAGCCGTGGCCGACCGAGCACAGGCTGGTCCAGTA
842	0	TTACAGTTTAAGATTGTCGTCGATTCTTGTGTGCTGTCTTA
843	0	GGTGTCCTATCCAGGGCCTGCGGGGCCTGGGAGCCTTGACT
844	0	CAGTGATCAGCGATCGTGTGCGTATCATCCACACATCTGGG
845	0	CTCACCTGCTCCATGGTGAACGGGATTTGCAAGGATTTGAC
846	0	TGCTGCCCACAGCACAAAAACGTCTTTCCATCTGGGCTCGA
847	0	TTGGGGACCCCAGAGCAAATCGCCCCCAGAACCCCAAAGGG
848	0	TGTTCGCTCCTGCAGGCCTGCGGAGCATGGGGTGAGCAGCA
849	0	GCCACCAGGAGGGTCAAGGTCGTGGAGGGAAACATGGGTGA
850	0	CATCCCTGCAGGAGGAGAGGCGCCACCTTACTAAGGAGGTG
851	0	TCCCGGGAGGCACAGGAGGCCGGGAACTCACCACCTGGTAG
852	0	CCCAGCCCGGCCCGGGCCCGCGGTTCTCCACCCGTACTGTA
853	0	GGCGCGCTGGGCGCCCCGGGCGTCGGGCACCGCCTCCTCTG
854	0	GGGAGTGGCCGGGGCTGCAGCGAAGCCCTGGCCTGAGGACA
855	0	TAATGTTGATGCTATTAAGGCGAAGGTTCATCATAGAATTC
856	0	CGGGGACCCGTAGAGCCCGGCGCTGCGCGCATGGCCCTGCT
857	0	GGAGAGCAGAGCACCAAGATCGTTCTGGCAGGAACAGCCAG
858	0	GACCCAGGCCCCAGCCTGACCGGCCCACTAGAAAGGAAGAG
859	0	CTCCCTCCAATTAGGGGCCACGGCCCCTCCCAGGCCTGCCA
860	0	TGGAGCGGCTTCCATGGTAACGTGCCACAGGGAAGTACAGC
861	0	TCAAGGGGCTTTGAAGATAACGGGCAGCTCCCCTAACACAG
862	0	AGCCTGTTCAATGGTGCTCACGGTCTATGTCTCTAACCATA
863	0	AAAATGGGCTGTGAGGAATGCGCGGAGAAATCCTCCTGCCC
864	0	CCGGTGTTCTCTCTGTTCCTCGCTAGCAGCTTGGGACATTA
865	0	AGGAGGAGGGAGGTGGGGCGCGACAGCGCCTTCAGACAGGG
866	0	CGGTCCTTTCTCAGGGTGACCGCGTTCCTTCCGCCCAGAGA
867	0	CAGCCACCAGGGGGCGTTGCCGGCCCCTGAGCAGGTTGATG
868	0	CAAATTTGGACATGGCTAGTCGAGGCGCAACAAGACCCAAC
869	0	AAAAGAAATCAGAGGCCACACGGCCTCTGTGTTTTCAGGAA
870	0	GTGGGGGCAGCGTTTGGGGGCGACGAGTTTTGTGCACCGCG
871	0	GCACCGTGAATCCCAGCCTGCGTGCCCAGCTCTGTCCTGTC
872	0	CCACCACGGCGAGTGATGTCCGTACAGCTCACACCGCATCC
873	0	CAGGCTGCTCCTCCATGTTCCGCCACCAGGGTGCCATTTCC
874	0	TGCAGAGGAAAGACAGGACCCGGGGCCCGCCTCACACCCCA
875	0	GTTCCTTGGCCCCAGAGCGACGCCTCCAGCTGCCAATGGGG
876	0	GGGAGGGGGTCAGGTCACAGCGCAGGGAGGAAGCTAGTCCT
877	0	CCGCTCTCAGTCTCTCTAGGCGCAGCTCCCTTCGCCGCTTC
878	0	CACGTGAGGGGACCTCTAGGCGGAGGGCTTGGCTTTTTTGC
879	0	GAATACCTGGATTTTGGGGACGGGGAAAGAAGGCTTCAGTT
880	0	AGAGGAACCACCTGACCGGACGCATGGAGTGGCCAGCCAAC
881	0	ATACCAAGGGGCGGCACGTGCGGCACCGCCTCCCGCCCAGG
882	0	GGAATGGGCATTTAAGTCCACGTGAACCCCTCTAGCAGGGT
883	0	CCTCCCACAGCCTCTCCTGCCGGAGGAAGGGCATCTTGAAA
884	0	GCTCGGGTTCAAACTGGTCTCGGATTAGTGTCCCAGACCCT
885	0	TGAATCTATGCTGCTCCAACCGTGTGAGATTTAAACGATGC
886	0	AGGAGGGTCATTCACCTTTTCGCTGGGCATGATTGGGTTAG
887	0	GTGCACGCGATCGTGGTGCTCGGCTACCTGGAGGGCCTCCT
888	0	GCCCCGCTCCGTGATCTCGGCGCTGCCTGGTCTCCACCCAT
889	0	GGGCAGGCCAGCGCCACTCGCGGATGACCCCAAAGCAGGAT
890	0	CCCCCGCCGCCGTCAAACGCCGCGAACTGTTGTCAGTGGTT
891	0	CCGGGGGAGTCACTTTTCCTCGGCAATTCCTAAGGATAGGG
892	0	GAGCGGGCCCAACTCGACACCGTGCGCTGGGGAAGCCCTCA
893	0	CTCGCCCTCAGCAAAGATGGCGCGGATCGTCTCAGGTACCT
894	0	AGGCCGGTGGAGGTCACCCACGCTTCCCACCAGCACTCCAG
895	0	CAGGTCCCGGAGGCCGCGGGCGGGGCCGTTTCCCAAACATC
896	0	CTGGAGTGCCACGGCTTATGCGTGGAAACCTCCAAAAACAA
897	0	GAGAAGAATTAAAATGATTACGCTCTAAAAATGACTTAGTA
898	0	CTCCCCAATCCCCTCGCACTCGCCGGACACACACCTCAGCT
899	0	AGCCCCGCCTCCCGGCTCGTCGACGGATTCGTTCTTGGCCC
900	0	CCCGCTCGGATGGGCAGTGCCGGTCGCAGCACCCGTCCCCA
901	0	ATATTTAATCATAAATATATCGTCATAGGTACAAGGATAAA
902	0	CAGGCCCGGGCTTGCCGGCACGCGACGCAGCAGGCTCCGCC
903	0	GAGTCCTGTCCAATGACTTGCGACTTGGGGTGTTCAAAAAG
904	0	CAGATCAACAGTTAGAGACCCGACTCCTTTAATTGCAGGAG
905	0	GAGGAGGGTATTGACATTGACGTGGCTACCCTATGATGAAG
906	0	GCCTCAATTATATTACAAGACGACTTCTGAGTGCTGCTCTG
907	0	GCGAGGGCCACACGGGTGGCCGCGGAAGGGATGAAAGGATT
908	0	GACCAAATATCGAGCAGCTACGTCATGAGTGGAGTTAGCAT
909	0	AACAGACACGCGCCCGTCACCGGGTGTACAAACAGAAAAGG
910	0	CCTGGAAAACCCATAAAGGCCGCTCTCCTGGCCGGCTCTGT
911	0	TCATAACAAATGGAAGTCCACGGCTATGAAAATTCATGTGA
912	0	GTAGGTGTTTCTGGGGGGGTCGTGGGCAGGATGCAGGGCTC
913	0	CAGTGCTGAGGGTGAGGCTGCGGTTACAGATCCAGGGTTTC
914	0	CCACTGAGGGCTGTCACCTGCGATCCTTTAAGTCACACCTG
915	0	TAGAGGGGCATGTATCTTTTCGGTATTGGAAAAAGATGCGT
916	0	CGCGAGACGCACCTGCGCTGCGCCGAGTTCGAGCTGCGGCT
917	0	AGGCACCTACACAGAGCAGACGTGGGACACACACCTCATGC
918	0	GCACGTGGAGCGGTCTCGGGCGCCGCAGCCTCACCGACAGT
919	0	CTGAGAGTGGGGGCGGGATGCGACCGCAGATCCCGCCCTGG
920	0	GAGGAGGATGTTCACTCACCCGAACCAAGTAGGAAACCCCG
921	0	GGTCTGGTTTGATGGCCAAACGAGTTTGCTACAGAATGCTC
922	0	GGTTGACTGTAGGTGGCATACGCAATATATAAAGAGGAAAA
923	0	TACAGCCCCTAGCGTGGCGCCGTGTATGTGCATGAATTCTT
924	0	CTGGGCGCCGCCATCTTTACCGAGCCGGAACACAGTCACGT
925	0	GGGTTTGGGCCTGGCCCGCTCGCCGCAATATTGATGGCCCG
926	0	AAGGCCTCTGTGTCCCTCCCCGGCAGACTGGCTGCCCTAGA
927	0	GCTGACAAGGAGTGGGGGACCGAAGAAGGAAGAGGCAGAGG
928	0	AAGGCCCCGCCCGGGCCAACCGCCTGCCTGGTCCGCCCTCT
929	0	GTGCTGCCTGCCGAAGCCGGCGGCTGAGAGGCAGCGAACTC
930	0	GTGGATGATGAGGACTGGCACGCTGCCCTTCTCGTAATGCT
